text,speaker_type,section,ticker,correction,llm_mv,human_label,j3_cogito,j4_qwen314b,j5_gemma12b,j6_ministral3,j7_cogito14b
"As you'll see, we are just getting started in capturing the upside in front of us.",ir,prepared,C,SB→BP,substantive,boilerplate,1,1,0,1,1
And then in terms of some of the sequentials on alts.,executive,qa,GS,SB→BP,substantive,boilerplate,1,1,1,1,0
"I have indicated that I only have 2, really only have 2 seriously.",executive,qa,AVGO,BP→SB,boilerplate,substantive,0,1,0,1,0
And having this type of certainty really will alleviate some of the fear.,executive,qa,BLK,BP→SB,boilerplate,substantive,1,1,0,0,0
"Well, let me step back a little bit on the 60%.",executive,qa,INTC,SB→BP,substantive,boilerplate,1,1,1,1,1
And what has been the more challenging aspect of it all?,analyst,qa,FDX,BP→SB,boilerplate,substantive,1,1,0,0,0
"I think absolutely, a strong, strong performance.",ir,qa,C,BP→SB,boilerplate,substantive,1,1,0,0,0
I was just sort of hearing that from some of the feedback and was just curious if the RVPs were hearing that.,analyst,qa,FAST,BP→SB,boilerplate,substantive,1,0,0,0,0
So we're in a kind of the pole position in that regard.,executive,qa,INTC,BP→SB,boilerplate,substantive,1,1,0,0,0
"But out on the printer, there's a sign, ""Help our branch and Onsites hit their sales goals in 2024.""",executive,prepared,FAST,BP→SB,boilerplate,substantive,1,0,1,0,0
"It's -- By the way, for those of you who are evaluating our company, we are going to invite all of you to our bootcamps.",executive,prepared,PLTR,BP→SB,boilerplate,substantive,0,1,1,0,0
"I was lucky enough to be at Augusta earlier that week, and I couldn't help but relate Rory's experience to NIKE's recent journey.",executive,prepared,NKE,BP→SB,boilerplate,substantive,1,1,0,0,0
Now let's discuss the cadence of the growth through the quarter.,executive,prepared,FAST,SB→BP,substantive,boilerplate,1,1,0,1,1
"So just think of branches, that does our private bank or things like that.",executive,qa,JPM,BP→SB,boilerplate,substantive,1,0,1,0,0
I am very proud of our senior leadership and the entire organization as we demonstrate the potential of our unique global franchise.,ir,prepared,C,BP→SB,boilerplate,substantive,1,1,0,0,0
"But again, it doesn't attract a lot of capital or bring with it.",executive,qa,WFC,BP→SB,boilerplate,substantive,0,1,1,0,0
"Executives - CEO & Chair of the Board
Let me just -- so let me just be clear about where the ones that we've just done and that we're working on through the organization simplification.",ir,qa,C,BP→SB,boilerplate,substantive,1,0,0,0,1
Now turning to our third quarter 2024 outlook.,ir,prepared,AMD,SB→BP,substantive,boilerplate,1,1,0,1,0
"We, as a nation, must reindustrialize to prevent escalating conflict and regain deterrence.",executive,prepared,PLTR,BP→SB,boilerplate,substantive,1,0,0,1,0
You present that circumstance to a vision language model.,executive,qa,NVDA,BP→SB,boilerplate,substantive,1,1,0,0,0
We have the most qualified interesting people heterodox on their beliefs.,executive,prepared,PLTR,BP→SB,boilerplate,substantive,1,0,1,0,0
"And I think the point that I would make to you is -- it's very, very difficult to predict what is going to happen over the next 30 to 60 days or even further.",executive,qa,FDX,BP→SB,boilerplate,substantive,1,0,0,1,0
Those are companies that borrow in private credit.,executive,qa,BLK,BP→SB,boilerplate,substantive,1,0,1,0,0
"And that, in the past, we didn't engage that.",executive,qa,INTC,BP→SB,boilerplate,substantive,0,1,1,0,0
"There is seasonality, I know in markets.",analyst,qa,C,BP→SB,boilerplate,substantive,1,1,0,0,0
So some of the -- I'm going to give you some things that you can actually do.,executive,qa,JPM,BP→SB,boilerplate,substantive,1,0,0,1,0
We also have a much smaller portion with regard to the change in our calendar fiscal year.,executive,qa,FDX,BP→SB,boilerplate,substantive,0,1,1,0,0
I'm just curious to get your big picture thoughts.,analyst,qa,JPM,BP→SB,boilerplate,substantive,1,0,0,0,0
"And as we see the various folks and the various agencies go through the confirmation process, it will be helpful to have people in seats and get to work on some of the things that we want to get done.",executive,qa,JPM,BP→SB,boilerplate,substantive,1,1,0,0,0
"Joaquin Duato, our Chairman and CEO, will open with a few comments on our performance and key catalysts for the company.",executive,prepared,JNJ,BP→SB,boilerplate,substantive,1,1,0,0,0
"We're In a strong financial position, feel very good about the leadership team.",ir,qa,C,BP→SB,boilerplate,substantive,1,1,0,0,0
I'm excited to welcome Gina Adams into her new role as General Counsel and Secretary of FedEx effective September 24.,ir,prepared,FDX,BP→SB,boilerplate,substantive,1,1,0,0,0
I'll take a shot at that because there's a few pieces that I'll try to disaggregate for you.,executive,qa,WFC,BP→SB,boilerplate,substantive,1,0,0,1,0
And so that's what's kind of pulling it in.,executive,qa,INTC,BP→SB,boilerplate,substantive,1,0,1,0,0
We have customer relationships everywhere.,executive,qa,FDX,BP→SB,boilerplate,substantive,1,0,1,0,0
I continue to be excited by the opportunities and the sheer potential of our franchise.,ir,prepared,C,BP→SB,boilerplate,substantive,1,1,0,0,0
"In closing, I feel very good about the trajectory of Goldman Sachs.",executive,prepared,GS,BP→SB,boilerplate,substantive,1,1,0,0,0
"With all this volatility, the markets have proven to be quite successful and worked quite well.",executive,prepared,BLK,BP→SB,boilerplate,substantive,0,1,0,1,0
"And as you think back, is there something that should have been done differently?",analyst,qa,FDX,BP→SB,boilerplate,substantive,1,1,0,0,0
And you all know that everybody is out there modeling these things and trading against these things.,executive,qa,JPM,BP→SB,boilerplate,substantive,1,1,0,0,0
So kind of curious about what you're seeing in the market there on the back of that.,analyst,qa,BLK,BP→SB,boilerplate,substantive,1,1,0,0,0
"For the past 5 years, she served as our Asia Pacific Regional President.",ir,prepared,FDX,BP→SB,boilerplate,substantive,1,0,0,0,1
And you can see that in the different drivers.,ir,qa,C,BP→SB,boilerplate,substantive,1,0,1,0,0
We saw no reason why we shouldn't share it.,executive,qa,FAST,BP→SB,boilerplate,substantive,1,1,0,0,0
"And I think that would be very, very good, both for the system and capital markets broadly.",executive,qa,GS,BP→SB,boilerplate,substantive,1,1,0,0,0
"Of course, revenue will be part of that.",executive,qa,INTC,BP→SB,boilerplate,substantive,1,0,1,0,0
"I was just so delighted to see how well that they have done, the moral of the team and how the team is working together.",executive,qa,FDX,BP→SB,boilerplate,substantive,1,1,0,0,0
"But that being said, as Jamie noted, like we have no idea what the curve is going to look like, right?",analyst,qa,JPM,BP→SB,boilerplate,substantive,1,1,0,0,0
I guess what's holding them back at this point?,analyst,qa,AMD,BP→SB,boilerplate,substantive,1,0,0,0,0
"So it makes it a lot easier for them if we could put up a strong quarter because it makes the call just a lot easier, it makes the Q&A a lot easier.",executive,prepared,FAST,BP→SB,boilerplate,substantive,1,1,0,0,0
Turning to our broader Data Center portfolio.,ir,prepared,AMD,SB→BP,substantive,boilerplate,1,1,0,1,0
"Performance matters, client experience matters.",executive,qa,GS,BP→SB,boilerplate,substantive,1,0,0,1,0
"But overall standpoint, it performed right where we would expect.",executive,qa,AMD,BP→SB,boilerplate,substantive,1,0,0,1,0
"In some areas, we might have some disagreements at the margin.",executive,qa,JPM,BP→SB,boilerplate,substantive,1,0,1,0,0
"You've already touched on it, that structural -- there are structural differences in the marketplace.",executive,qa,NKE,BP→SB,boilerplate,substantive,1,1,0,0,0
So that's the level of -- a lot of that optimization we do for each of them.,executive,qa,AVGO,BP→SB,boilerplate,substantive,1,0,0,1,0
So we want our customers to pay on time.,ir,qa,C,BP→SB,boilerplate,substantive,1,0,1,0,0
"But as we progress through the year, we think things will get better and better.",executive,qa,INTC,BP→SB,boilerplate,substantive,1,1,0,0,0
"We're, what, 9 months or so into this new administration with the new regulators.",analyst,qa,JPM,BP→SB,boilerplate,substantive,1,1,0,0,0
We believe it's an important component of the Fed's mandate to really ensure the safety and soundness of the banking system.,executive,qa,GS,BP→SB,boilerplate,substantive,1,1,0,0,0
And so feel -- how that evolves will be an important factor.,ir,qa,C,BP→SB,boilerplate,substantive,1,0,0,1,0
"With every new platform shift, a wave of start-ups is created.",ir,prepared,NVDA,BP→SB,boilerplate,substantive,1,0,0,1,0
"And in fact, I had a conversation with a few of our directors yesterday on just this fact.",executive,qa,FAST,BP→SB,boilerplate,substantive,1,0,0,1,0
"Across our firm, we're delivering BlackRock to meet all our clients' individual needs.",executive,prepared,BLK,BP→SB,boilerplate,substantive,0,1,0,1,0
"Mike will talk more about our expectations for 2024, but I'd like to make a couple of points.",ir,prepared,WFC,BP→SB,boilerplate,substantive,1,1,0,0,0
We will remain relentlessly focused on execution.,ir,prepared,C,BP→SB,boilerplate,substantive,1,0,0,1,0
And so you can't look at the fourth quarter year-over-year.,executive,qa,GS,BP→SB,boilerplate,substantive,0,1,1,0,0
But we have a zealous focus on finding opportunities to serve our clients.,executive,qa,GS,BP→SB,boilerplate,substantive,1,1,0,0,0
"We, the entire NIKE team, feels a sense of urgency here.",executive,prepared,NKE,BP→SB,boilerplate,substantive,1,1,0,0,0
"On the comments you made, David, on Goldman Sachs 3.0, which obviously is very positive.",analyst,qa,GS,BP→SB,boilerplate,substantive,1,1,0,0,0
I'll start with a review of our financial results and then provide our outlook for the third quarter of fiscal 2025.,ir,prepared,AMD,SB→BP,substantive,boilerplate,1,1,0,1,0
"I think this is a very positive sign, obviously, for us.",executive,qa,INTC,BP→SB,boilerplate,substantive,1,1,0,0,0
"And as we're adding good people, we're also -- not necessary -- we're also making sure that we've got the right people in the right seats.",executive,qa,WFC,BP→SB,boilerplate,substantive,1,0,0,1,0
I was just curious what was the decision-making process to do that?,analyst,qa,FAST,BP→SB,boilerplate,substantive,1,1,0,0,0
"But I do remind people, we've had a bull market for a long time.",executive,qa,JPM,BP→SB,boilerplate,substantive,1,1,0,0,0
And we all know about the commercial real estate office.,analyst,qa,JPM,BP→SB,boilerplate,substantive,0,1,1,0,0
Now turning to our outlook for fiscal year '25.,ir,prepared,FDX,SB→BP,substantive,boilerplate,1,1,0,1,0
And we've got a lot of growth catalysts to be proud of.,executive,qa,JNJ,BP→SB,boilerplate,substantive,1,1,0,0,0
"First off, for Jeff Watts, I suspect all of you saw the announcement we made in late December.",executive,prepared,FAST,BP→SB,boilerplate,substantive,1,1,0,0,0
And so those are really the major areas for [ disconnect ].,executive,qa,JNJ,BP→SB,boilerplate,substantive,0,1,1,0,0
"As you can see, our pipeline is advancing.",executive,prepared,JNJ,SB→BP,substantive,boilerplate,1,1,1,1,1
Product and customer mix played its customary role.,executive,prepared,FAST,BP→SB,boilerplate,substantive,0,0,1,0,1
"And that is, in fact, what the resource review plan was that was in the amended consent order.",ir,qa,C,BP→SB,boilerplate,substantive,0,1,1,0,0
And then if you can maybe just touch on Europe.,analyst,qa,FDX,BP→SB,boilerplate,substantive,1,1,0,0,0
Do you think that you'll go in a different direction?,analyst,qa,AMD,BP→SB,boilerplate,substantive,1,1,0,0,0
"And as I said, we'll be doing the same look across our data center portfolio as well.",executive,qa,INTC,BP→SB,boilerplate,substantive,1,0,0,1,0
Just your comfort level in terms of the functioning of the treasury market.,analyst,qa,JPM,BP→SB,boilerplate,substantive,1,1,0,0,0
"Just talk to us as we think about -- and I appreciate what you just said, but when we think about the binding constraint from standardized to advanced, how we should think about it?",analyst,qa,C,BP→SB,boilerplate,substantive,1,1,0,0,0
So I just want to see if you can offer a little bit more comment.,analyst,qa,FDX,BP→SB,boilerplate,substantive,1,0,0,0,0
"Executives - Co-Founder, CEO & Director
Vivek, probably the best way to think through it is that AI is several things.",executive,qa,NVDA,BP→SB,boilerplate,substantive,0,1,0,0,1
We may see one more perhaps as a prospect.,executive,qa,AVGO,BP→SB,boilerplate,substantive,1,1,0,0,0
"And the short answer is that for us, it's pretty uncontroversially no.",executive,qa,JPM,BP→SB,boilerplate,substantive,1,0,1,0,0
"And all of those type of things that are common sense to you and I, but AIs have to go learn those physical effects.",executive,qa,NVDA,BP→SB,boilerplate,substantive,1,1,0,0,0
"As a result of their hard work and commitment, we once again delivered the best service offering in the industry.",executive,prepared,FDX,BP→SB,boilerplate,substantive,1,0,0,1,0
And just like how frame -- are you responsible to some of these [ unremidable ] corporate dividends.,analyst,qa,C,BP→SB,boilerplate,substantive,0,1,1,0,0
"But obviously, anyone should be thrilled to be in a partnership with Apple.",executive,qa,JPM,BP→SB,boilerplate,substantive,1,1,0,0,0
Or is there something different this time around?,analyst,qa,FAST,BP→SB,boilerplate,substantive,1,1,0,0,0
"We're laser-focused on what we can control, inspiring and innovating for the 8 billion consumers we have the privilege to serve.",executive,prepared,NKE,BP→SB,boilerplate,substantive,1,0,0,1,0
"They're embracing the change, and we're ready for the challenge.",executive,qa,NKE,BP→SB,boilerplate,substantive,1,1,0,0,0
"It's a big, big tenet of what we're trying to do.",executive,qa,GS,BP→SB,boilerplate,substantive,1,1,0,0,0
The first action is to ignite our winning culture.,executive,prepared,NKE,BP→SB,boilerplate,substantive,1,1,0,0,0
And that's what we have to fight to keep.,executive,prepared,PLTR,BP→SB,boilerplate,substantive,1,0,1,0,0
