text,speaker_type,section,j3_cogito,j4_qwen314b,j5_gemma12b,j6_ministral3,j7_cogito14b,n_bp,n_sb,llm_mv,human_label
Now everyone is really concerned about DOGE with the change of administration.,analyst,prepared,1,1,1,0,0,2,3,1,
Do you feel the business is managed better?,analyst,qa,1,1,1,0,0,2,3,1,
Or will these infrastructures remain fairly distinct?,analyst,qa,1,1,1,0,0,2,3,1,
I'm assuming that's to finance -- equity financing.,analyst,qa,1,1,1,0,0,2,3,1,
Was the comment meant to absolutely all 3 of those line items?,analyst,qa,1,1,1,0,0,2,3,1,
I was just curious what was the decision-making process to do that?,analyst,qa,1,1,0,0,0,3,2,1,
"But just maybe thinking through what areas might be underperforming right now, if any, that could improve in a better environment versus just maybe the different components which are doing well and which are underperforming, if possible?",analyst,qa,1,1,0,1,0,2,3,1,
"Is that someone from the Board currently, someone from outside Goldman Sachs, what type of person is the Board looking for?",analyst,qa,1,1,0,0,1,2,3,1,
And then if you can maybe just touch on Europe.,analyst,qa,1,1,0,0,0,3,2,1,
Do you think that you'll go in a different direction?,analyst,qa,1,1,0,0,0,3,2,1,
Just your comfort level in terms of the functioning of the treasury market.,analyst,qa,1,1,0,0,0,3,2,1,
And just like how frame -- are you responsible to some of these [ unremidable ] corporate dividends.,analyst,qa,0,1,1,0,0,3,2,1,
And then kind of part B of that is on the switching side.,analyst,qa,1,0,1,1,0,2,3,1,
"I didn't plan to ask this question, but this literally just hit the Bloomberg.",analyst,qa,1,1,0,0,0,3,2,0,
"I have indicated that I only have 2, really only have 2 seriously.",executive,qa,0,1,0,1,0,3,2,1,
"So -- but I also look at it and say, there might be some folks that just got through at this stage of 2024, and they're kind of like, it's been a mediocre year.",executive,qa,1,1,0,1,0,2,3,1,
"All these things should be done in light of looking at what kind of public markets you want, the kind of private markets you want, what do you want in the banking system, what do you want out of the banking system.",executive,qa,1,1,0,1,0,2,3,1,
We do have a few top-down areas of focus.,executive,qa,1,1,0,1,0,2,3,1,
So we're in a kind of the pole position in that regard.,executive,qa,1,1,0,0,0,3,2,1,
"But out on the printer, there's a sign, ""Help our branch and Onsites hit their sales goals in 2024.""",executive,prepared,1,0,1,0,0,3,2,1,
"It's -- By the way, for those of you who are evaluating our company, we are going to invite all of you to our bootcamps.",executive,prepared,0,1,1,0,0,3,2,1,
"Because when it's all said and done, they want and need from us is to drive mutually profitable growth for them and for us, and that's exactly what we're going to get back to.",executive,qa,1,1,0,1,0,2,3,1,
"I was lucky enough to be at Augusta earlier that week, and I couldn't help but relate Rory's experience to NIKE's recent journey.",executive,prepared,1,1,0,0,0,3,2,1,
"So just think of branches, that does our private bank or things like that.",executive,qa,1,0,1,0,0,3,2,1,
"And I do believe we will have, post-closing, some amazing opportunities and then, therefore, some amazing announcements.",executive,qa,1,1,0,1,0,2,3,1,
"But again, it doesn't attract a lot of capital or bring with it.",executive,qa,0,1,1,0,0,3,2,1,
It's my pleasure to present results for the fourth quarter and full year 2024.,executive,prepared,1,1,0,0,0,3,2,0,
"We, as a nation, must reindustrialize to prevent escalating conflict and regain deterrence.",executive,prepared,1,0,0,1,0,3,2,1,
"And as you said, it is a really exciting time to be in electrophysiology.",executive,qa,1,1,0,0,1,2,3,1,
You present that circumstance to a vision language model.,executive,qa,1,1,0,0,0,3,2,1,
And the rest of the other market I consider is collectively lumped as enterprise.,executive,qa,0,0,1,1,1,2,3,1,
"It was his for the taking, an amazing reminder for NIKE that no matter the situation we face, we're the leader in an exciting industry.",executive,prepared,1,1,0,1,0,2,3,1,
"A and B, now that everyone knows this, this is by far the best credential in tech.",executive,prepared,1,1,0,1,0,2,3,1,
We have the most qualified interesting people heterodox on their beliefs.,executive,prepared,1,0,1,0,0,3,2,1,
But the price fatigue is we all get tired of talking about that because we'd rather talk about growth.,executive,qa,1,1,1,0,0,2,3,1,
"And I think the point that I would make to you is -- it's very, very difficult to predict what is going to happen over the next 30 to 60 days or even further.",executive,qa,1,0,0,1,0,3,2,1,
We've been at the forefront of advocacy for retirement solutions through our whole history.,executive,qa,1,1,0,1,0,2,3,1,
"To that end, we are always seeking ways to enhance the client experience while improving efficiency.",executive,prepared,1,1,0,1,0,2,3,1,
"And that, in the past, we didn't engage that.",executive,qa,0,1,1,0,0,3,2,1,
And then we're going to take a different approach.,executive,qa,1,0,1,1,0,2,3,1,
So some of the -- I'm going to give you some things that you can actually do.,executive,qa,1,0,0,1,0,3,2,1,
We also have a much smaller portion with regard to the change in our calendar fiscal year.,executive,qa,0,1,1,0,0,3,2,1,
"As I mentioned earlier, we believe we have the right balance for managing our costs and we continue to maintain this balance.",executive,prepared,1,1,0,1,0,2,3,1,
"And as we see the various folks and the various agencies go through the confirmation process, it will be helpful to have people in seats and get to work on some of the things that we want to get done.",executive,qa,1,1,0,0,0,3,2,1,
"We have a lot of customers in a lot of places that share a company, and we want to make sure that we weren't creating conflict in that regard.",executive,qa,1,1,0,0,1,2,3,1,
"Joaquin Duato, our Chairman and CEO, will open with a few comments on our performance and key catalysts for the company.",executive,prepared,1,1,0,0,0,3,2,1,
So I won't give you the long speech about why G-SIB is completely poorly conceived.,executive,qa,1,1,1,0,0,2,3,1,
There's no math that you can make that work.,executive,qa,1,1,1,0,0,2,3,1,
"I don't know if he's nailed it down yet, but we'll be getting that information out shortly.",executive,qa,1,1,0,1,0,2,3,1,
They explain your year-over-year impact on the results.,executive,qa,1,1,0,1,0,2,3,1,
I'll take a shot at that because there's a few pieces that I'll try to disaggregate for you.,executive,qa,1,0,0,1,0,3,2,1,
And so that's what's kind of pulling it in.,executive,qa,1,0,1,0,0,3,2,1,
We have customer relationships everywhere.,executive,qa,1,0,1,0,0,3,2,1,
It's not the basis or driver of the strategy.,executive,qa,1,1,1,0,0,2,3,1,
"In closing, I feel very good about the trajectory of Goldman Sachs.",executive,prepared,1,1,0,0,0,3,2,1,
"With all this volatility, the markets have proven to be quite successful and worked quite well.",executive,prepared,0,1,0,1,0,3,2,1,
"You could give underwriters unlimited time, 2, 3, 4 weeks.",executive,prepared,0,1,1,1,0,2,3,1,
And you all know that everybody is out there modeling these things and trading against these things.,executive,qa,1,1,0,0,0,3,2,1,
So I think that is something you can look out for in future periods.,executive,qa,1,0,1,1,0,2,3,1,
"All I do say is I have no interest in going into a market where -- we have a philosophy in running our business, Broadcom, and maybe other people have a different philosophy.",executive,qa,1,1,0,0,1,2,3,1,
"So hopefully, that puts it in picture -- gives you a context and understanding of how we guided you for the full fiscal year.",executive,qa,1,1,0,1,0,2,3,1,
"I don't know all the efforts we're involved in, but to the extent we're involved in these efforts, I and most Palantirians are very proud of this.",executive,prepared,1,1,0,0,1,2,3,1,
But what you see is that they don't really understand it.,executive,prepared,1,1,1,0,0,2,3,1,
"Our teams are moving with focus and urgency, and our foundation is getting even stronger.",executive,prepared,1,1,0,1,0,2,3,1,
We saw no reason why we shouldn't share it.,executive,qa,1,1,0,0,0,3,2,1,
"And so we're keenly focused on the evolution of that in the coming years, and that's something you'll hear us talk more about.",executive,qa,1,1,0,1,0,2,3,1,
"And I think that would be very, very good, both for the system and capital markets broadly.",executive,qa,1,1,0,0,0,3,2,1,
I want to commend the entire organization for our focus on creating vast differentiation and showing up for our customers.,executive,prepared,1,1,0,0,1,2,3,1,
I guess maybe I can start with a little color on the multi-asset flows and then Larry can comment on LifePath Paycheck.,executive,qa,1,1,1,0,0,2,3,1,
"And I look forward at BlackRock to be delivering on a significant broad base of opportunities across the world, across our platform, across all of our products and delivering the responsible fiduciary responsibilities that we provide to each and every client.",executive,prepared,1,1,0,1,0,2,3,1,
"I'm not getting into the business of predicting January, February and March DSRs.",executive,qa,1,0,1,1,0,2,3,1,
"Of course, revenue will be part of that.",executive,qa,1,0,1,0,0,3,2,1,
"I was just so delighted to see how well that they have done, the moral of the team and how the team is working together.",executive,qa,1,1,0,0,0,3,2,1,
"Together, we know how to invest in, own them, improve on them and operate them.",executive,prepared,1,1,0,1,0,2,3,1,
And so I think that trend you saw a couple of years ago was definitely different.,executive,qa,1,1,0,1,0,2,3,1,
I think the second half of the question was about some of the competitive changes that USPS has made in the market.,executive,qa,1,1,1,0,0,2,3,1,
"But I think what it sort of highlights is that during this transitional period and this elevated uncertainty, you might see some distortions in the data that make it hard to draw larger conclusions.",executive,qa,1,1,0,1,0,2,3,1,
And I'd like to highlight a few noteworthy items that have changed compared to the same quarter a year ago.,executive,prepared,1,1,0,1,0,2,3,1,
There's just too many moving parts there.,executive,qa,1,0,1,0,0,3,2,0,
"So it makes it a lot easier for them if we could put up a strong quarter because it makes the call just a lot easier, it makes the Q&A a lot easier.",executive,prepared,1,1,0,0,0,3,2,1,
"Performance matters, client experience matters.",executive,qa,1,0,0,1,0,3,2,1,
"And so for all of those reasons, we're pleased with where the performance of the business is right now.",executive,qa,1,1,0,1,0,2,3,1,
"But overall standpoint, it performed right where we would expect.",executive,qa,1,0,0,1,0,3,2,1,
"I mean that space is always very competitive, I would say, has been throughout this entire cycle.",executive,qa,1,1,0,1,0,2,3,1,
"In some areas, we might have some disagreements at the margin.",executive,qa,1,0,1,0,0,3,2,1,
"You've already touched on it, that structural -- there are structural differences in the marketplace.",executive,qa,1,1,0,0,0,3,2,1,
We're also making ourselves more efficient.,executive,qa,1,1,1,0,0,2,3,1,
So that's the level of -- a lot of that optimization we do for each of them.,executive,qa,1,0,0,1,0,3,2,1,
And all of it runs our entire software stack.,executive,qa,1,1,1,0,0,2,3,1,
"But as we progress through the year, we think things will get better and better.",executive,qa,1,1,0,0,0,3,2,1,
We believe it's an important component of the Fed's mandate to really ensure the safety and soundness of the banking system.,executive,qa,1,1,0,0,0,3,2,1,
We measure -- we are successful in the buckets that we're successful in because we bring something special to that type of customer.,executive,qa,1,1,0,1,0,2,3,1,
"And in fact, I had a conversation with a few of our directors yesterday on just this fact.",executive,qa,1,0,0,1,0,3,2,1,
"Angela, who is our GM in Greater China, is now part of my SLT, Senior Leadership Team, and I look forward to working with her and the rest of our team more closely.",executive,qa,1,1,0,0,1,2,3,1,
"Across our firm, we're delivering BlackRock to meet all our clients' individual needs.",executive,prepared,0,1,0,1,0,3,2,1,
And our digital footprint continues to expand.,executive,prepared,1,1,0,1,0,2,3,1,
"Joe Wolk, our CFO, will then close by sharing an overview of our cash position, capital allocation priorities and guidance for 2025; Jennifer Taubert, Executive Vice President, Worldwide Chairman, Innovative Medicine; and Tim Schmid, Executive Vice President, Worldwide Chairman, MedTech, will be joining us for Q&A.",executive,prepared,1,1,0,1,0,2,3,1,
And so you can't look at the fourth quarter year-over-year.,executive,qa,0,1,1,0,0,3,2,1,
But we have a zealous focus on finding opportunities to serve our clients.,executive,qa,1,1,0,0,0,3,2,1,
"We have a terrific team that, after every rollout, we take the learnings and apply it to the next one and the next one and so on, so we get better going forward.",executive,qa,1,1,0,1,0,2,3,1,
We've worked closely with the CHIPS program office in the U.S. government.,executive,qa,0,1,1,0,1,2,3,1,
"Now before turning to Q&A, I wanted to offer a higher level perspective on the quarter.",executive,prepared,1,1,0,1,0,2,3,1,
"In order to build an asset allocation portfolio that can mix stocks, bonds, crypto, commodities and the like.",executive,qa,1,1,0,1,0,2,3,1,
"And as we're adding good people, we're also -- not necessary -- we're also making sure that we've got the right people in the right seats.",executive,qa,1,0,0,1,0,3,2,1,
"And then ultimately, we have seen this business grow.",executive,qa,1,1,1,0,0,2,3,1,
"But I do remind people, we've had a bull market for a long time.",executive,qa,1,1,0,0,0,3,2,1,
"This quarter, that included the England Women's National Team winning the European Championship, Sinner's Wimbledon title, Scottie's Open Championship title and Chelsea winning the Club World Cup.",executive,prepared,1,0,0,1,1,2,3,1,
And we've got a lot of growth catalysts to be proud of.,executive,qa,1,1,0,0,0,3,2,1,
"I think we could start by thinking about, if I was building software to solve problems for one company, well, you don't need an Ontology.",executive,prepared,1,1,0,0,1,2,3,1,
We also remain committed to paying our shareholders a sustainable and growing dividend.,executive,prepared,1,1,0,1,0,2,3,1,
"First off, for Jeff Watts, I suspect all of you saw the announcement we made in late December.",executive,prepared,1,1,0,0,0,3,2,1,
And so those are really the major areas for [ disconnect ].,executive,qa,0,1,1,0,0,3,2,1,
"Executives - President, CEO & Director
And on the broader point here, the trade as a percentage of GDP has essentially flatlined since about 2016.",executive,qa,0,1,0,1,1,2,3,1,
Product and customer mix played its customary role.,executive,prepared,0,0,1,0,1,3,2,1,
"Companies recognize the uniqueness of our global relationships, our brand and our expertise across businesses, markets and industries.",executive,prepared,1,1,0,1,0,2,3,1,
"We believe this will deepen our relationships with our clients and deliver value to you, our shareholders.",executive,prepared,1,1,0,1,0,2,3,1,
"And as I said, we'll be doing the same look across our data center portfolio as well.",executive,qa,1,0,0,1,0,3,2,1,
"In closing, I'm very confident about the state of our client franchise.",executive,prepared,1,1,0,0,1,2,3,1,
We try to create the right culture of focus and intensity that allows us to continue to deliver and execute for them.,executive,qa,1,1,0,1,0,2,3,1,
"Obviously, equity markets have been under a little bit of pressure the last few days.",executive,qa,1,1,0,1,0,2,3,1,
"At BlackRock, we are -- we really challenge ourselves not to get mired down in all the negativity, but to navigate, to mitigate the move forward, to work with each and every client, to help each and every client.",executive,prepared,1,1,0,0,1,2,3,1,
Now moving on to Slide 4 and looking at our customer site performance.,executive,prepared,1,1,0,1,0,2,3,1,
"Executives - Co-Founder, CEO & Director
Vivek, probably the best way to think through it is that AI is several things.",executive,qa,0,1,0,0,1,3,2,1,
"AI is transforming every industry, company and country.",executive,qa,1,1,0,1,0,2,3,1,
"And all of those type of things that are common sense to you and I, but AIs have to go learn those physical effects.",executive,qa,1,1,0,0,0,3,2,1,
"We invested in our talent, which is fundamentally the most important thing that we invest in each and every year.",executive,prepared,1,1,0,1,0,2,3,1,
"As a result of their hard work and commitment, we once again delivered the best service offering in the industry.",executive,prepared,1,0,0,1,0,3,2,1,
But we're always looking to fill the pipeline as well on additional opportunities.,executive,qa,1,1,0,1,0,2,3,1,
"But obviously, anyone should be thrilled to be in a partnership with Apple.",executive,qa,1,1,0,0,0,3,2,1,
"And so in those 4 -- the control plane of the network, which is used for storage, it's used for security.",executive,qa,1,1,0,1,0,2,3,1,
We design and deliver strategies and products that fit their unique long-term needs and aspirations.,executive,prepared,1,1,0,1,0,2,3,1,
"We're laser-focused on what we can control, inspiring and innovating for the 8 billion consumers we have the privilege to serve.",executive,prepared,1,0,0,1,0,3,2,1,
"They're embracing the change, and we're ready for the challenge.",executive,qa,1,1,0,0,0,3,2,1,
"It's a big, big tenet of what we're trying to do.",executive,qa,1,1,0,0,0,3,2,1,
The first action is to ignite our winning culture.,executive,prepared,1,1,0,0,0,3,2,1,
And that's what we have to fight to keep.,executive,prepared,1,0,1,0,0,3,2,1,
"And I think, Ed's super excited about both what we've done, but continuing to execute along the lines that we've laid out for you all.",executive,qa,1,1,0,1,0,2,3,1,
I was just talking about the payments piece.,ir,qa,1,1,1,0,0,2,3,1,
And I'm excited to update you on our progress in greater detail and to outline the next phase of our journey at our Investor Day on May 7.,ir,prepared,1,1,0,1,0,2,3,1,
"Executives - Executive Vice Chairman and Senior Executive Advisor to Chair & CEO
And Mike, if I could just put one number into context because you played back the 11,000, which was a number of global regulatory reports across the landscape here.",ir,qa,1,1,0,1,0,2,3,1,
Their unwavering commitment to our customers and to our transformation is what positions us to become a best-in-class company.,ir,prepared,1,1,0,1,0,2,3,1,
I am very proud of our senior leadership and the entire organization as we demonstrate the potential of our unique global franchise.,ir,prepared,1,1,0,0,0,3,2,1,
"Executives - CEO & Chair of the Board
Let me just -- so let me just be clear about where the ones that we've just done and that we're working on through the organization simplification.",ir,qa,1,0,0,0,1,3,2,1,
"I want to close by turning to Slide 11, repeating how excited I am about the momentum we are building and for all the opportunities we have to produce higher growth and returns.",ir,prepared,1,1,0,1,0,2,3,1,
That includes market conditions with the ultimate goal of maximizing value for shareholders.,ir,qa,1,1,0,1,0,2,3,1,
Now turning to our third quarter 2024 outlook.,ir,prepared,1,1,0,1,0,2,3,0,
"But yes, we have to get the work done, validate it, and then hand it over to the regulators in the process we talked about.",ir,qa,1,1,0,1,0,2,3,1,
"I'm going to start with the firm-wide financial results, focusing on year-over-year comparisons for the third quarter, unless I indicate otherwise, and then spend a little more time on the businesses.",ir,prepared,1,1,0,1,0,2,3,1,
"Our products are designed and sold for beneficial commercial use, and every license sale we make will benefit the U.S. economy, the U.S. leadership.",ir,prepared,0,1,0,1,1,2,3,1,
"We're In a strong financial position, feel very good about the leadership team.",ir,qa,1,1,0,0,0,3,2,1,
I'm excited to welcome Gina Adams into her new role as General Counsel and Secretary of FedEx effective September 24.,ir,prepared,1,1,0,0,0,3,2,1,
Turning to capital and liquidity on Slide 5.,ir,prepared,0,1,0,1,0,3,2,0,
I continue to be excited by the opportunities and the sheer potential of our franchise.,ir,prepared,1,1,0,0,0,3,2,1,
"For the past 5 years, she served as our Asia Pacific Regional President.",ir,prepared,1,0,0,0,1,3,2,1,
"We keep a close eye on execution, making sure we've got the right level of resourcing and expertise.",ir,qa,1,1,0,1,0,2,3,1,
And you can see that in the different drivers.,ir,qa,1,0,1,0,0,3,2,1,
And it will be beneficial for both our growth and our returns.,ir,qa,1,1,0,1,0,2,3,1,
These things just don't work out as intended.,ir,qa,1,1,1,0,0,2,3,1,
"And the best part is, there is much more upside ahead.",ir,prepared,1,1,0,1,0,2,3,1,
"We continue to move forward with confidence and believe we have the right culture, team, discipline and sense of urgency to complete the work that's required.",ir,prepared,1,1,0,1,0,2,3,1,
Turning to our broader Data Center portfolio.,ir,prepared,1,1,0,1,0,2,3,0,
"Now turning to the left side of the slide, where we show our financial results for the full FERC.",ir,prepared,1,1,0,1,0,2,3,1,
And so feel -- how that evolves will be an important factor.,ir,qa,1,0,0,1,0,3,2,1,
"With every new platform shift, a wave of start-ups is created.",ir,prepared,1,0,0,1,0,3,2,1,
"Mike will talk more about our expectations for 2024, but I'd like to make a couple of points.",ir,prepared,1,1,0,0,0,3,2,1,
We will remain relentlessly focused on execution.,ir,prepared,1,0,0,1,0,3,2,1,
I'll start with a review of our financial results and then provide our outlook for the third quarter of fiscal 2025.,ir,prepared,1,1,0,1,0,2,3,0,
"In closing, we delivered a strong quarter while successfully navigating a dynamic environment.",ir,prepared,1,1,0,1,0,2,3,1,
We have been and we will be transparent when we have issues and how we are addressing them.,ir,qa,1,1,0,1,0,2,3,1,
But I'd just close by saying I couldn't agree with you more about geopolitical risks and fragility.,ir,qa,1,1,1,0,0,2,3,1,
We do not take this lightly and we have carefully considered the impact this will have on the Intel family.,ir,prepared,1,1,0,1,0,2,3,1,
"Amidst all these dynamics, we continue to focus on executing against our strategy and delivering the best of Citi to all our stakeholders.",ir,prepared,1,1,0,1,0,2,3,1,
"And that is, in fact, what the resource review plan was that was in the amended consent order.",ir,qa,0,1,1,0,0,3,2,1,
And so we're mindful of how tight they're running.,ir,qa,1,1,0,1,0,2,3,1,
We've been bringing in some great new talent.,ir,qa,1,0,0,1,1,2,3,1,
We appreciate the administration taking a fresh look at regulations across all industries to unlock growth.,ir,prepared,1,1,0,1,0,2,3,1,
I'm very pleased with how our teams are navigating a condensed period between Thanksgiving and Christmas.,ir,prepared,1,1,0,1,0,2,3,1,
